notes,questions,answers
"What is SMARO in teleradiology services? A: SMARO stands for Smart Radiology Operations. It's an advanced system that uses automation and AI-driven processes to optimize radiology workflows. SMARO helps prioritize and streamline imaging studies, enhancing efficiency in radiology service delivery.",What is SMARO in teleradiology services?,"SMARO stands for Smart Radiology Operations. It's an advanced system that uses automation and AI-driven processes to optimize radiology workflows. SMARO helps prioritize and streamline imaging studies, enhancing efficiency in radiology service delivery."
"How does SMARO benefit healthcare providers? A: SMARO improves operational efficiency by automating tasks like study prioritization and routing. This reduces turnaround times for image interpretations, allowing healthcare providers to deliver timely and accurate diagnoses.",How does SMARO benefit healthcare providers?,"SMARO improves operational efficiency by automating tasks like study prioritization and routing. This reduces turnaround times for image interpretations, allowing healthcare providers to deliver timely and accurate diagnoses."
 Can you explain how AI is integrated into SMARO? A: AI algorithms in SMARO analyze imaging data to prioritize and route studies based on urgency and complexity. This helps radiologists focus on critical cases and improve overall diagnostic accuracy and efficiency.,Can you explain how AI is integrated into SMARO?,AI algorithms in SMARO analyze imaging data to prioritize and route studies based on urgency and complexity. This helps radiologists focus on critical cases and improve overall diagnostic accuracy and efficiency.
" What role does automation play in SMARO? A: Automation in SMARO automates repetitive tasks such as scheduling, study routing, and report generation. This frees up radiologists' time, allowing them to concentrate on more complex cases and improving productivity.",What role does automation play in SMARO?,"Automation in SMARO automates repetitive tasks such as scheduling, study routing, and report generation. This frees up radiologists' time, allowing them to concentrate on more complex cases and improving productivity."
" How does SMARO ensure quality and consistency in radiology reports? A: SMARO uses structured templates and standardized processes for report generation. This ensures consistency in report format and content, enhancing the quality of radiology reports across different cases.",How does SMARO ensure quality and consistency in radiology reports?," SMARO uses structured templates and standardized processes for report generation. This ensures consistency in report format and content, enhancing the quality of radiology reports across different cases."
"Is SMARO adaptable to different healthcare settings and practices? A: Yes, SMARO is designed to be scalable and adaptable. It can be customized to fit the specific workflow needs and requirements of different healthcare settings, optimizing operational efficiency accordingly.",Is SMARO adaptable to different healthcare settings and practices?,"Yes, SMARO is designed to be scalable and adaptable. It can be customized to fit the specific workflow needs and requirements of different healthcare settings, optimizing operational efficiency accordingly."
"How does SMARO contribute to cost-effectiveness in healthcare delivery? A: By reducing turnaround times and improving workflow efficiency, SMARO helps healthcare providers maximize resource utilization and improve ROI. This contributes to overall cost-effectiveness in delivering radiology services.",How does SMARO contribute to cost-effectiveness in healthcare delivery?,"By reducing turnaround times and improving workflow efficiency, SMARO helps healthcare providers maximize resource utilization and improve ROI. This contributes to overall cost-effectiveness in delivering radiology services."
" What are the technological advancements integrated into SMARO? A: SMARO incorporates advanced AI algorithms, machine learning models, and automation technologies to continually enhance its capabilities. These advancements ensure SMARO stays at the forefront of teleradiology innovation.",What are the technological advancements integrated into SMARO?,"SMARO incorporates advanced AI algorithms, machine learning models, and automation technologies to continually enhance its capabilities. These advancements ensure SMARO stays at the forefront of teleradiology innovation."
How does SMARO support multidisciplinary collaboration in healthcare? A: SMARO facilitates collaboration by providing secure access to imaging studies and reports for healthcare professionals across different specialties. This promotes comprehensive patient care and informed decision-making.,How does SMARO support multidisciplinary collaboration in healthcare?,SMARO facilitates collaboration by providing secure access to imaging studies and reports for healthcare professionals across different specialties. This promotes comprehensive patient care and informed decision-making.
" What are the key benefits of adopting SMARO in a healthcare facility? A: Key benefits of SMARO include improved turnaround times, enhanced diagnostic accuracy, streamlined workflows, cost savings, and better patient outcomes through timely and effective radiology services.",What are the key benefits of adopting SMARO in a healthcare facility?," Key benefits of SMARO include improved turnaround times, enhanced diagnostic accuracy, streamlined workflows, cost savings, and better patient outcomes through timely and effective radiology services."
"What are the primary objectives of SMARO in radiology operations? SMARO aims to optimize radiology workflows through automation and AI-driven processes. Its objectives include improving efficiency, reducing turnaround times, enhancing diagnostic accuracy, and streamlining operational tasks such as study prioritization and report generation.",What are the primary objectives of SMARO in radiology operations?,"SMARO aims to optimize radiology workflows through automation and AI-driven processes. Its objectives include improving efficiency, reducing turnaround times, enhancing diagnostic accuracy, and streamlining operational tasks such as study prioritization and report generation."
"How does SMARO utilize AI to optimize radiology workflows? SMARO utilizes AI algorithms to automate repetitive tasks, prioritize imaging studies based on urgency and complexity, and provide decision support to radiologists. This AI-driven approach accelerates the interpretation process and improves overall operational efficiency.",How does SMARO utilize AI to optimize radiology workflows?,"SMARO utilizes AI algorithms to automate repetitive tasks, prioritize imaging studies based on urgency and complexity, and provide decision support to radiologists. This AI-driven approach accelerates the interpretation process and improves overall operational efficiency."
"What are the main features of SMARO that distinguish it from traditional radiology operations? SMARO offers features such as automated study routing, predictive analytics for workload management, smart reporting functionalities, and integration with clinical decision support systems. These features enhance efficiency, accuracy, and scalability in radiology operations compared to traditional methods.",What are the main features of SMARO that distinguish it from traditional radiology operations?,"SMARO offers features such as automated study routing, predictive analytics for workload management, smart reporting functionalities, and integration with clinical decision support systems. These features enhance efficiency, accuracy, and scalability in radiology operations compared to traditional methods."
"Can you describe a scenario where SMARO significantly improves workflow efficiency? In a busy healthcare setting, SMARO can automatically prioritize urgent cases, ensuring they are promptly reviewed by radiologists. By automating routine tasks and optimizing resource allocation, SMARO reduces bottlenecks, minimizes delays, and improves the overall throughput of radiology services.",Can you describe a scenario where SMARO significantly improves workflow efficiency?,"In a busy healthcare setting, SMARO can automatically prioritize urgent cases, ensuring they are promptly reviewed by radiologists. By automating routine tasks and optimizing resource allocation, SMARO reduces bottlenecks, minimizes delays, and improves the overall throughput of radiology services."
"How does SMARO contribute to reducing turnaround times for radiology reports? SMARO accelerates the entire process from image acquisition to report delivery by automating workflows and utilizing AI for preliminary analysis. This streamlined approach ensures that radiologists receive studies promptly, enabling faster report generation and issuance of diagnostic findings. Performance Metrics and Analytics:",How does SMARO contribute to reducing turnaround times for radiology reports?,"SMARO accelerates the entire process from image acquisition to report delivery by automating workflows and utilizing AI for preliminary analysis. This streamlined approach ensures that radiologists receive studies promptly, enabling faster report generation and issuance of diagnostic findings. Performance Metrics and Analytics:"
"What key performance metrics are tracked by a teleradiology system? Teleradiology systems track metrics such as turnaround times for reports, accuracy rates of interpretations, system uptime, and efficiency in study prioritization.",What key performance metrics are tracked by a teleradiology system?,"Teleradiology systems track metrics such as turnaround times for reports, accuracy rates of interpretations, system uptime, and efficiency in study prioritization."
"How are analytics used to improve the performance of a teleradiology service? Analytics provide insights into operational bottlenecks, workload distribution, and trends in diagnostic outcomes, allowing for targeted improvements in workflow efficiency and quality of service.",How are analytics used to improve the performance of a teleradiology service?,"Analytics provide insights into operational bottlenecks, workload distribution, and trends in diagnostic outcomes, allowing for targeted improvements in workflow efficiency and quality of service."
"Can you give examples of actionable insights derived from performance analytics? Examples include identifying peak hours for imaging studies, optimizing radiologist workload allocation, improving report turnaround by streamlining processes, and enhancing resource utilization.",Can you give examples of actionable insights derived from performance analytics?,"Examples include identifying peak hours for imaging studies, optimizing radiologist workload allocation, improving report turnaround by streamlining processes, and enhancing resource utilization."
How does performance monitoring contribute to quality improvement initiatives in teleradiology? Monitoring metrics like report accuracy and turnaround times helps in identifying areas needing improvement. This data-driven approach enables adjustments in protocols and workflows to enhance overall service quality and patient care.,How does performance monitoring contribute to quality improvement initiatives in teleradiology?,Monitoring metrics like report accuracy and turnaround times helps in identifying areas needing improvement. This data-driven approach enables adjustments in protocols and workflows to enhance overall service quality and patient care.
"What role do real-time dashboards play in monitoring the performance of a teleradiology system? Real-time dashboards provide instant visibility into key metrics, allowing administrators to monitor operational performance continuously. They facilitate proactive decision-making and timely interventions to maintain service",What role do real-time dashboards play in monitoring the performance of a teleradiology system?,"Real-time dashboards provide instant visibility into key metrics, allowing administrators to monitor operational performance continuously. They facilitate proactive decision-making and timely interventions to maintain service"
"How does AI enhance diagnostic accuracy in a teleradiology system? AI algorithms analyze imaging data to detect subtle anomalies and patterns that may be missed by human eyes alone, thereby improving diagnostic accuracy and reducing errors.",How does AI enhance diagnostic accuracy in a teleradiology system?,"AI algorithms analyze imaging data to detect subtle anomalies and patterns that may be missed by human eyes alone, thereby improving diagnostic accuracy and reducing errors."
"What types of machine learning algorithms are used for image analysis in teleradiology? Machine learning algorithms such as convolutional neural networks (CNNs), deep learning models, and pattern recognition algorithms are commonly used for automated image analysis in teleradiology.",What types of machine learning algorithms are used for image analysis in teleradiology?,"Machine learning algorithms such as convolutional neural networks (CNNs), deep learning models, and pattern recognition algorithms are commonly used for automated image analysis in teleradiology."
"How does AI support radiologists in making clinical decisions based on imaging data? AI provides decision support by flagging abnormalities, suggesting potential diagnoses, and assisting in treatment planning based on patterns identified in medical images.",How does AI support radiologists in making clinical decisions based on imaging data?,"AI provides decision support by flagging abnormalities, suggesting potential diagnoses, and assisting in treatment planning based on patterns identified in medical images."
"What are the ethical considerations when integrating AI into teleradiology services? Ethical considerations include patient consent for AI-assisted diagnostics, transparency in AI decision-making processes, data privacy protection, and ensuring AI complements rather than replaces human judgment.",What are the ethical considerations when integrating AI into teleradiology services?,"Ethical considerations include patient consent for AI-assisted diagnostics, transparency in AI decision-making processes, data privacy protection, and ensuring AI complements rather than replaces human judgment."
"How do machine learning capabilities evolve over time in a teleradiology system? Machine learning models improve with continuous training on new data and feedback loops from radiologists, leading to enhanced accuracy and adaptation to evolving diagnostic challenges.",How do machine learning capabilities evolve over time in a teleradiology system?,"Machine learning models improve with continuous training on new data and feedback loops from radiologists, leading to enhanced accuracy and adaptation to evolving diagnostic challenges."
"How secure is remote access to a teleradiology system for interpreting images? Remote access is secured through encrypted connections (e.g., VPNs), multi-factor authentication, and adherence to data protection regulations (e.g., HIPAA). This ensures confidentiality and integrity of patient data during transmission.",How secure is remote access to a teleradiology system for interpreting images?,"Remote access is secured through encrypted connections (e.g., VPNs), multi-factor authentication, and adherence to data protection regulations (e.g., HIPAA). This ensures confidentiality and integrity of patient data during transmission."
"What features are essential for mobile compatibility in a teleradiology application? Essential features include responsive design for various screen sizes, intuitive navigation, secure image viewing, and the ability to generate reports on mobile devices.",What features are essential for mobile compatibility in a teleradiology application?,"Essential features include responsive design for various screen sizes, intuitive navigation, secure image viewing, and the ability to generate reports on mobile devices."
"How does mobile access enhance the flexibility of radiologists in remote locations? Mobile access allows radiologists to interpret images and review reports from any location with internet access, facilitating timely consultations and reducing dependency on physical workstations.",How does mobile access enhance the flexibility of radiologists in remote locations?,"Mobile access allows radiologists to interpret images and review reports from any location with internet access, facilitating timely consultations and reducing dependency on physical workstations."
"Can you explain the role of cloud technology in supporting remote access to teleradiology services? Cloud technology enables scalable storage, seamless access to medical images, and collaboration across distributed teams. It centralizes data management while ensuring flexibility and accessibility for remote users.",Can you explain the role of cloud technology in supporting remote access to teleradiology services?,"Cloud technology enables scalable storage, seamless access to medical images, and collaboration across distributed teams. It centralizes data management while ensuring flexibility and accessibility for remote users."
"What are the limitations of mobile devices in displaying high-resolution imaging studies? Mobile devices may have limitations in displaying fine details of high-resolution medical images due to screen size constraints and potential bandwidth limitations, which could impact diagnostic accuracy",What are the limitations of mobile devices in displaying high-resolution imaging studies?,"Mobile devices may have limitations in displaying fine details of high-resolution medical images due to screen size constraints and potential bandwidth limitations, which could impact diagnostic accuracy"
"How does a teleradiology system prioritize emergency cases for rapid diagnosis? Teleradiology systems prioritize emergency cases through automated triaging algorithms, immediate alert notifications, and dedicated workflows for urgent image interpretation.",How does a teleradiology system prioritize emergency cases for rapid diagnosis?,"Teleradiology systems prioritize emergency cases through automated triaging algorithms, immediate alert notifications, and dedicated workflows for urgent image interpretation."
"What are the challenges associated with providing 24/7 emergency radiology coverage? Challenges include maintaining rapid response times, ensuring continuous availability of radiologists, handling diverse case complexities, and integrating with emergency department workflows seamlessly.",What are the challenges associated with providing 24/7 emergency radiology coverage?,"Challenges include maintaining rapid response times, ensuring continuous availability of radiologists, handling diverse case complexities, and integrating with emergency department workflows seamlessly."
"How does rapid turnaround in emergency radiology services impact patient care outcomes? Rapid turnaround ensures timely diagnoses, facilitates prompt treatment decisions, and improves patient outcomes by reducing delays in critical care scenarios.",How does rapid turnaround in emergency radiology services impact patient care outcomes?,"Rapid turnaround ensures timely diagnoses, facilitates prompt treatment decisions, and improves patient outcomes by reducing delays in critical care scenarios."
"Can you describe a scenario where teleradiology played a crucial role in an emergency situation? In a trauma case, teleradiology enabled quick assessment of injuries remotely, guiding immediate surgical interventions and optimizing patient management despite geographical distances.",Can you describe a scenario where teleradiology played a crucial role in an emergency situation?,"In a trauma case, teleradiology enabled quick assessment of injuries remotely, guiding immediate surgical interventions and optimizing patient management despite geographical distances."
"What protocols are in place to ensure immediate response to urgent radiology requests? Protocols include automated alerts for critical findings, on-call radiologist availability, and streamlined communication channels between teleradiologists and emergency care teams.",What protocols are in place to ensure immediate response to urgent radiology requests?,"Protocols include automated alerts for critical findings, on-call radiologist availability, and streamlined communication channels between teleradiologists and emergency care teams."
"How does integration with CDSS enhance the diagnostic capabilities of a teleradiology system? Integration with CDSS enhances diagnostic capabilities by providing radiologists with access to additional clinical data and decision support tools. CDSS can suggest differential diagnoses, highlight relevant patient history, and recommend follow-up imaging or tests based on evidence-based guidelines.",How does integration with CDSS enhance the diagnostic capabilities of a teleradiology system?,"Integration with CDSS enhances diagnostic capabilities by providing radiologists with access to additional clinical data and decision support tools. CDSS can suggest differential diagnoses, highlight relevant patient history, and recommend follow-up imaging or tests based on evidence-based guidelines."
"What types of clinical data are incorporated into CDSS for radiology interpretations? CDSS incorporates patient demographics, medical history, laboratory results, previous imaging studies, and clinical notes. This comprehensive data helps radiologists contextualize findings, improve accuracy, and make informed decisions.",What types of clinical data are incorporated into CDSS for radiology interpretations?,"CDSS incorporates patient demographics, medical history, laboratory results, previous imaging studies, and clinical notes. This comprehensive data helps radiologists contextualize findings, improve accuracy, and make informed decisions."
"How does CDSS support evidence-based decision-making in radiology? CDSS integrates evidence-based guidelines, protocols, and best practices into the interpretation process. It provides access to literature, expert consensus statements, and clinical pathways, aiding radiologists in adhering to standardized practices and improving diagnostic accuracy.",How does CDSS support evidence-based decision-making in radiology?,"CDSS integrates evidence-based guidelines, protocols, and best practices into the interpretation process. It provides access to literature, expert consensus statements, and clinical pathways, aiding radiologists in adhering to standardized practices and improving diagnostic accuracy."
"Can you give examples of CDSS tools used in conjunction with a teleradiology system? Examples include:
Decision support software that suggests potential diagnoses based on imaging findings and patient data.
Clinical pathways integrated into the workflow to ensure adherence to guidelines for specific conditions.
Alerts and reminders for follow-up imaging or consultations based on abnormal findings.
",Can you give examples of CDSS tools used in conjunction with a teleradiology system?,"Examples include:
Decision support software that suggests potential diagnoses based on imaging findings and patient data.
Clinical pathways integrated into the workflow to ensure adherence to guidelines for specific conditions.
Alerts and reminders for follow-up imaging or consultations based on abnormal findings."
"What are the benefits of real-time feedback from CDSS in radiology workflows? Real-time feedback from CDSS enhances workflow efficiency by providing instant decision support during image interpretation. It reduces errors, supports timely clinical interventions, and fosters collaboration between radiologists and other healthcare providers, ultimately improving patient outcomes.",What are the benefits of real-time feedback from CDSS in radiology workflows?,"Real-time feedback from CDSS enhances workflow efficiency by providing instant decision support during image interpretation. It reduces errors, supports timely clinical interventions, and fosters collaboration between radiologists and other healthcare providers, ultimately improving patient outcomes."
"How does a teleradiology system stay updated with technological advancements? Teleradiology systems stay updated by continuously integrating new AI algorithms, imaging technologies, and software upgrades. They also monitor industry trends, user feedback, and regulatory changes to prioritize future developments.",How does a teleradiology system stay updated with technological advancements?,"Teleradiology systems stay updated by continuously integrating new AI algorithms, imaging technologies, and software upgrades. They also monitor industry trends, user feedback, and regulatory changes to prioritize future developments."
"What considerations are made when planning future upgrades for a teleradiology service? Considerations include improving AI capabilities for better image analysis, enhancing cybersecurity measures, optimizing user interfaces for ease of use, and ensuring compatibility with evolving healthcare IT standards.",What considerations are made when planning future upgrades for a teleradiology service?,"Considerations include improving AI capabilities for better image analysis, enhancing cybersecurity measures, optimizing user interfaces for ease of use, and ensuring compatibility with evolving healthcare IT standards."
"How does user feedback influence the development of new features in teleradiology systems? User feedback informs developers about usability issues, feature requests, and workflow improvements. It guides the prioritization of enhancements that align with user needs and enhance overall system performance.",How does user feedback influence the development of new features in teleradiology systems?,"User feedback informs developers about usability issues, feature requests, and workflow improvements. It guides the prioritization of enhancements that align with user needs and enhance overall system performance."
"Can you explain the role of innovation in enhancing teleradiology services over time? Innovation drives advancements in image processing, AI algorithms, telecommunication technologies, and cybersecurity measures. These innovations improve diagnostic accuracy, streamline workflows, and expand access to specialized care, benefiting both patients and healthcare providers.",Can you explain the role of innovation in enhancing teleradiology services over time?,"Innovation drives advancements in image processing, AI algorithms, telecommunication technologies, and cybersecurity measures. These innovations improve diagnostic accuracy, streamline workflows, and expand access to specialized care, benefiting both patients and healthcare providers."
"What trends are expected to shape the future of teleradiology technology? Future trends include increased adoption of AI for automated image analysis, enhanced interoperability with EHR systems, expansion of teleconsultation capabilities, improved mobile access, and integration of virtual reality for enhanced visualization and training.",What trends are expected to shape the future of teleradiology technology?,"Future trends include increased adoption of AI for automated image analysis, enhanced interoperability with EHR systems, expansion of teleconsultation capabilities, improved mobile access, and integration of virtual reality for enhanced visualization and training."
"How does a teleradiology system contribute to cost savings in healthcare organizations? Teleradiology systems contribute to cost savings by:
Reducing the need for on-site radiologists, especially in remote or underserved areas.
Minimizing capital expenditure on imaging equipment through shared use across facilities.
Lowering operational costs related to staffing, infrastructure, and maintenance.
Optimizing resource utilization and improving workflow efficiency, leading to faster diagnoses and treatments.
",How does a teleradiology system contribute to cost savings in healthcare organizations?,"Teleradiology systems contribute to cost savings by:
Reducing the need for on-site radiologists, especially in remote or underserved areas.
Minimizing capital expenditure on imaging equipment through shared use across facilities.
Lowering operational costs related to staffing, infrastructure, and maintenance.
Optimizing resource utilization and improving workflow efficiency, leading to faster diagnoses and treatments."
"What factors impact the return on investment (ROI) of implementing a teleradiology service? Factors influencing ROI include:
Initial setup costs, including software, hardware, and network infrastructure.
Operational costs such as licensing fees, maintenance, and ongoing support.
Volume of imaging studies processed and interpreted.
Reimbursement rates for teleradiology services.
Efficiency gains in workflow and turnaround times.
Improved patient outcomes and satisfaction metrics.
",What factors impact the return on investment (ROI) of implementing a teleradiology service?,"Factors influencing ROI include:
Initial setup costs, including software, hardware, and network infrastructure.
Operational costs such as licensing fees, maintenance, and ongoing support.
Volume of imaging studies processed and interpreted.
Reimbursement rates for teleradiology services.
Efficiency gains in workflow and turnaround times.
Improved patient outcomes and satisfaction metrics."
"Can you compare the cost-effectiveness of in-house radiology services versus teleradiology solutions? Teleradiology solutions are often more cost-effective than in-house services due to:
Economies of scale through centralized interpretation and shared resources.
Reduced overhead costs for maintaining dedicated on-site radiology departments.
Ability to leverage specialized expertise regardless of geographic location.
Flexibility to scale services based on demand without significant upfront investments.
",Can you compare the cost-effectiveness of in-house radiology services versus teleradiology solutions?,"Teleradiology solutions are often more cost-effective than in-house services due to:
Economies of scale through centralized interpretation and shared resources.
Reduced overhead costs for maintaining dedicated on-site radiology departments.
Ability to leverage specialized expertise regardless of geographic location.
Flexibility to scale services based on demand without significant upfront investments."
"How does scalability affect the cost structure of teleradiology services? Scalability allows teleradiology services to adjust resources (such as radiologists and IT infrastructure) based on fluctuating demand:
Lower per-case costs as volume increases due to fixed operational expenses.
Ability to expand service reach without proportional increases in overhead costs.
Potential for revenue growth by servicing multiple healthcare facilities or expanding into new markets.
",How does scalability affect the cost structure of teleradiology services?,"Scalability allows teleradiology services to adjust resources (such as radiologists and IT infrastructure) based on fluctuating demand:
Lower per-case costs as volume increases due to fixed operational expenses.
Ability to expand service reach without proportional increases in overhead costs.
Potential for revenue growth by servicing multiple healthcare facilities or expanding into new markets."
"What financial metrics are used to assess the ROI of teleradiology investments? Financial metrics include:
Cost per study interpreted.
Revenue generated per radiologist or per imaging modality.
Return on technology investments (e.g., software upgrades, AI integration).
Cost savings from reduced turnaround times and improved patient throughput.
Comparative analysis of operational costs before and after teleradiology implementation.
",What financial metrics are used to assess the ROI of teleradiology investments?,"Financial metrics include:
Cost per study interpreted.
Revenue generated per radiologist or per imaging modality.
Return on technology investments (e.g., software upgrades, AI integration).
Cost savings from reduced turnaround times and improved patient throughput.
Comparative analysis of operational costs before and after teleradiology implementation."
"How is system reliability ensured in a teleradiology service to minimize downtime? System reliability is ensured through:
Redundant hardware and failover systems to prevent single points of failure.
Regular maintenance schedules and proactive monitoring of network and server performance.
Disaster recovery plans and backup strategies to mitigate data loss and service interruptions.
",How is system reliability ensured in a teleradiology service to minimize downtime?,"System reliability is ensured through:
Redundant hardware and failover systems to prevent single points of failure.
Regular maintenance schedules and proactive monitoring of network and server performance.
Disaster recovery plans and backup strategies to mitigate data loss and service interruptions."
"What measures are in place to maintain high uptime rates for accessing imaging studies? Measures include:
Continuous monitoring of system uptime and performance metrics.
Rapid response protocols for addressing technical issues and network disruptions.
Scalable architecture that accommodates increasing volumes of data and user access.
",What measures are in place to maintain high uptime rates for accessing imaging studies?,"Measures include:
Continuous monitoring of system uptime and performance metrics.
Rapid response protocols for addressing technical issues and network disruptions.
Scalable architecture that accommodates increasing volumes of data and user access."
"How does redundancy contribute to the reliability of a teleradiology system? Redundancy ensures system resilience by:
Providing backup servers and data centers to maintain service continuity during outages.
Automatically routing traffic to alternative servers in case of hardware failures.
Implementing mirrored databases and synchronized storage solutions for data redundancy.
",How does redundancy contribute to the reliability of a teleradiology system?,"Redundancy ensures system resilience by:
Providing backup servers and data centers to maintain service continuity during outages.
Automatically routing traffic to alternative servers in case of hardware failures.
Implementing mirrored databases and synchronized storage solutions for data redundancy."
"Can you describe the impact of system downtime on healthcare delivery? System downtime can lead to:
Delayed diagnosis and treatment decisions, potentially affecting patient outcomes.
Disruption of workflow in healthcare facilities, leading to decreased operational efficiency.
Increased stress on healthcare providers and potential patient dissatisfaction.
Regulatory compliance issues if downtime affects access to critical patient information.
",Can you describe the impact of system downtime on healthcare delivery?,"System downtime can lead to:
Delayed diagnosis and treatment decisions, potentially affecting patient outcomes.
Disruption of workflow in healthcare facilities, leading to decreased operational efficiency.
Increased stress on healthcare providers and potential patient dissatisfaction.
Regulatory compliance issues if downtime affects access to critical patient information."
".What proactive steps are taken to prevent potential disruptions in teleradiology services? Proactive measures include:
Regular system audits and performance evaluations to identify vulnerabilities.
Implementation of robust cybersecurity protocols to prevent data breaches.
",What proactive steps are taken to prevent potential disruptions in teleradiology services?,"Proactive measures include:
Regular system audits and performance evaluations to identify vulnerabilities.
Implementation of robust cybersecurity protocols to prevent data breaches."
"How does a teleradiology system contribute to cost savings in healthcare organizations? Teleradiology systems contribute to cost savings by:
Reducing the need for on-site radiologists, especially in remote or underserved areas.
Minimizing capital expenditures on imaging equipment by sharing resources across facilities.
Lowering operational costs related to staffing, infrastructure, and maintenance.
Optimizing resource utilization and improving workflow efficiency, leading to faster diagnoses and treatments.
",How does a teleradiology system contribute to cost savings in healthcare organizations?,"Teleradiology systems contribute to cost savings by:
Reducing the need for on-site radiologists, especially in remote or underserved areas.
Minimizing capital expenditures on imaging equipment by sharing resources across facilities.
Lowering operational costs related to staffing, infrastructure, and maintenance.
Optimizing resource utilization and improving workflow efficiency, leading to faster diagnoses and treatments."
"What factors impact the return on investment (ROI) of implementing a teleradiology service? Factors influencing ROI include:
Initial setup costs, including software, hardware, and network infrastructure.
Operational costs such as licensing fees, maintenance, and ongoing support.
Volume of imaging studies processed and interpreted.
Reimbursement rates for teleradiology services.
Efficiency gains in workflow and turnaround times.
Improved patient outcomes and satisfaction metrics.
",What factors impact the return on investment (ROI) of implementing a teleradiology service?,"Factors influencing ROI include:
Initial setup costs, including software, hardware, and network infrastructure.
Operational costs such as licensing fees, maintenance, and ongoing support.
Volume of imaging studies processed and interpreted.
Reimbursement rates for teleradiology services.
Efficiency gains in workflow and turnaround times.
Improved patient outcomes and satisfaction metrics."
"Can you compare the cost-effectiveness of in-house radiology services versus teleradiology solutions? Teleradiology solutions are often more cost-effective than in-house services due to:
Economies of scale through centralized interpretation and shared resources.
Reduced overhead costs for maintaining dedicated on-site radiology departments.
Ability to leverage specialized expertise regardless of geographic location.
Flexibility to scale services based on demand without significant upfront investments.
",Can you compare the cost-effectiveness of in-house radiology services versus teleradiology solutions?,"Teleradiology solutions are often more cost-effective than in-house services due to:
Economies of scale through centralized interpretation and shared resources.
Reduced overhead costs for maintaining dedicated on-site radiology departments.
Ability to leverage specialized expertise regardless of geographic location.
Flexibility to scale services based on demand without significant upfront investments."
"How does scalability affect the cost structure of teleradiology services? Scalability allows teleradiology services to adjust resources (such as radiologists and IT infrastructure) based on fluctuating demand:
Lower per-case costs as volume increases due to fixed operational expenses.
Ability to expand service reach without proportional increases in overhead costs.
Potential for revenue growth by servicing multiple healthcare facilities or expanding into new markets.
",How does scalability affect the cost structure of teleradiology services?,"Scalability allows teleradiology services to adjust resources (such as radiologists and IT infrastructure) based on fluctuating demand:
Lower per-case costs as volume increases due to fixed operational expenses.
Ability to expand service reach without proportional increases in overhead costs.
Potential for revenue growth by servicing multiple healthcare facilities or expanding into new markets."
"What financial metrics are used to assess the ROI of teleradiology investments? Financial metrics include:
Cost per study interpreted.
Revenue generated per radiologist or per imaging modality.
Return on technology investments (e.g., software upgrades, AI integration).
Cost savings from reduced turnaround times and improved patient throughput.
",What financial metrics are used to assess the ROI of teleradiology investments?,"Financial metrics include:
Cost per study interpreted.
Revenue generated per radiologist or per imaging modality.
Return on technology investments (e.g., software upgrades, AI integration).
Cost savings from reduced turnaround times and improved patient throughput."
"How is system reliability ensured in a teleradiology service to minimize downtime? System reliability is ensured through:
Redundant hardware and failover systems to prevent single points of failure.
Regular maintenance schedules and proactive monitoring of network and server performance.
Disaster recovery plans and backup strategies to mitigate data loss and service interruptions.
",How is system reliability ensured in a teleradiology service to minimize downtime?,"System reliability is ensured through:
Redundant hardware and failover systems to prevent single points of failure.
Regular maintenance schedules and proactive monitoring of network and server performance.
Disaster recovery plans and backup strategies to mitigate data loss and service interruptions."
"What measures are in place to maintain high uptime rates for accessing imaging studies? Measures include:
Continuous monitoring of system uptime and performance metrics.
Rapid response protocols for addressing technical issues and network disruptions.
Scalable architecture
",What measures are in place to maintain high uptime rates for accessing imaging studies?,"Measures include:
Continuous monitoring of system uptime and performance metrics.
Rapid response protocols for addressing technical issues and network disruptions.
Scalable architecture"
"How is system reliability ensured in a teleradiology service to minimize downtime? System reliability is ensured through:
Redundant hardware and failover systems to prevent single points of failure.
Regular maintenance schedules and proactive monitoring of network and server performance.
Disaster recovery plans and backup strategies to mitigate data loss and service interruptions.
",How is system reliability ensured in a teleradiology service to minimize downtime?,"System reliability is ensured through:
Redundant hardware and failover systems to prevent single points of failure.
Regular maintenance schedules and proactive monitoring of network and server performance.
Disaster recovery plans and backup strategies to mitigate data loss and service interruptions."
"What measures are in place to maintain high uptime rates for accessing imaging studies? Measures include:
Continuous monitoring of system uptime and performance metrics.
Rapid response protocols for addressing technical issues and network disruptions.
Scalable architecture that accommodates increasing volumes of data and user access.
",What measures are in place to maintain high uptime rates for accessing imaging studies?,"Measures include:
Continuous monitoring of system uptime and performance metrics.
Rapid response protocols for addressing technical issues and network disruptions.
Scalable architecture that accommodates increasing volumes of data and user access."
"How does redundancy contribute to the reliability of a teleradiology system? Redundancy ensures system resilience by:
Providing backup servers and data centers to maintain service continuity during outages.
Automatically routing traffic to alternative servers in case of hardware failures.
Implementing mirrored databases and synchronized storage solutions for data redundancy.
",How does redundancy contribute to the reliability of a teleradiology system?,"Redundancy ensures system resilience by:
Providing backup servers and data centers to maintain service continuity during outages.
Automatically routing traffic to alternative servers in case of hardware failures.
Implementing mirrored databases and synchronized storage solutions for data redundancy."
"Can you describe the impact of system downtime on healthcare delivery? System downtime can lead to:
Delayed diagnosis and treatment decisions, potentially affecting patient outcomes.
Disruption of workflow in healthcare facilities, leading to decreased operational efficiency.
Increased stress on healthcare providers and potential patient dissatisfaction.
Regulatory compliance issues if downtime affects access to critical patient information.
",Can you describe the impact of system downtime on healthcare delivery?,"System downtime can lead to:
Delayed diagnosis and treatment decisions, potentially affecting patient outcomes.
Disruption of workflow in healthcare facilities, leading to decreased operational efficiency.
Increased stress on healthcare providers and potential patient dissatisfaction.
Regulatory compliance issues if downtime affects access to critical patient information."
".What proactive steps are taken to prevent potential disruptions in teleradiology services? Proactive measures include:
Regular system audits and performance evaluations to identify vulnerabilities.
Implementation of robust cybersecurity protocols to prevent data breaches.
Staff training on emergency procedures and contingency plans for rapid response.
Continuous improvement initiatives based on root cause analysis of past incidents.
Collaboration with IT specialists and service providers to implement best practices in system reliability and uptime.
",What proactive steps are taken to prevent potential disruptions in teleradiology services?,"Proactive measures include:
Regular system audits and performance evaluations to identify vulnerabilities.
Implementation of robust cybersecurity protocols to prevent data breaches.
Staff training on emergency procedures and contingency plans for rapid response.
Continuous improvement initiatives based on root cause analysis of past incidents.
Collaboration with IT specialists and service providers to implement best practices in system reliability and uptime."
"What technologies are used to maintain high image quality in a teleradiology system? High image quality is maintained through:
Advanced imaging modalities (e.g., high-resolution CT scanners, MRI machines).
Quality control measures to ensure accurate image acquisition and transmission.
Image processing software for noise reduction and artifact removal.
",What technologies are used to maintain high image quality in a teleradiology system?,"High image quality is maintained through:
Advanced imaging modalities (e.g., high-resolution CT scanners, MRI machines).
Quality control measures to ensure accurate image acquisition and transmission.
Image processing software for noise reduction and artifact removal."
"How does image resolution impact the accuracy of radiology interpretations? Higher image resolution allows radiologists to visualize fine details and abnormalities more clearly, enhancing diagnostic accuracy and confidence in clinical decisions.",How does image resolution impact the accuracy of radiology interpretations?,"Higher image resolution allows radiologists to visualize fine details and abnormalities more clearly, enhancing diagnostic accuracy and confidence in clinical decisions."
"HOw does a teleradiology system ensure patient data confidentiality? Patient data confidentiality is ensured through:
Encryption of data during transmission and storage (e.g., AES-256 encryption).
Role-based access controls to limit data access to authorized personnel only.
Compliance with healthcare data protection regulations such as HIPAA and GDPR.
",HOw does a teleradiology system ensure patient data confidentiality?,"Patient data confidentiality is ensured through:
Encryption of data during transmission and storage (e.g., AES-256 encryption).
Role-based access controls to limit data access to authorized personnel only.
Compliance with healthcare data protection regulations such as HIPAA and GDPR."
"What security protocols are implemented to protect patient information during transmission? Security protocols include:
Secure VPN or encrypted channels for data transmission over public networks.
Firewall protection and intrusion detection systems to monitor network traffic.
Secure authentication mechanisms (e.g., two-factor authentication) for user access.
",What security protocols are implemented to protect patient information during transmission?,"Security protocols include:
Secure VPN or encrypted channels for data transmission over public networks.
Firewall protection and intrusion detection systems to monitor network traffic.
Secure authentication mechanisms (e.g., two-factor authentication) for user access."
"What is SMARO? Revolutionizing Radiology for Hospitals and Diagnostics
The cutting edge teleradiology AI/ML based teleradiology solution designed to streamline radiological services for hospitals and diagnostic centers.",What is SMARO?,"Revolutionizing Radiology for Hospitals and Diagnostics
The cutting edge teleradiology AI/ML based teleradiology solution designed to streamline radiological services for hospitals and diagnostic centers."
"How Does AI Assist Radiologists?
Radiologists face an overwhelming amount of data due to increasing demand for medical imaging. This often leads to reporting errors and a cluttered workflow. SmaRO's AI automates repetitive tasks, identifies standard measurements, and generates high-quality, evidence-based reports. This supports confident decision-making with accurate data and an intuitive workflow.",How Does AI Assist Radiologists?,"Radiologists face an overwhelming amount of data due to increasing demand for medical imaging. This often leads to reporting errors and a cluttered workflow. SmaRO's AI automates repetitive tasks, identifies standard measurements, and generates high-quality, evidence-based reports. This supports confident decision-making with accurate data and an intuitive workflow."
"How AI Can Revolutionize Your Reporting? 1) Intelligent Reporting
Gain AI-enabled qualitative and quantitative insights to boost reporting speed.  2) Confident Decision Making
Obtain detailed, quantitative evidence in spine reports to enhance medical claims and diagnoses. 3) Platform Independent
Enjoy seamless access across all platforms with robust integrations or cloud support. 4) Analytics
Leverage AI to analyze risks and predict early signs of degeneration for better diagnosis. 5) Smooth AI Experience
Automatically identify, characterize, and classify all pathologies for reliable tracking. 6) Increased Impact on ROI
Generate detailed analyses with limited diagnostic expertise and report more cases efficiently.",How AI Can Revolutionize Your Reporting?,"1) Intelligent Reporting
Gain AI-enabled qualitative and quantitative insights to boost reporting speed.  2) Confident Decision Making
Obtain detailed, quantitative evidence in spine reports to enhance medical claims and diagnoses. 3) Platform Independent
Enjoy seamless access across all platforms with robust integrations or cloud support. 4) Analytics
Leverage AI to analyze risks and predict early signs of degeneration for better diagnosis. 5) Smooth AI Experience
Automatically identify, characterize, and classify all pathologies for reliable tracking. 6) Increased Impact on ROI
Generate detailed analyses with limited diagnostic expertise and report more cases efficiently."
"What is SMARO AI assistants? SmaRO's AI assistant aids radiologists by routing images uploaded by technicians to available radiologists for optimal reporting. Our AI algorithms deliver up to 99% accurate assessments, saving time and effort.",What is SMARO AI assistants?,"SmaRO's AI assistant aids radiologists by routing images uploaded by technicians to available radiologists for optimal reporting. Our AI algorithms deliver up to 99% accurate assessments, saving time and effort."
"What are the additional solutions provided by SMARO? 1) AI-Based PACS
Enhance your radiology workflows with our AI-enabled PACS solution. It detects poor-quality scans and creates preliminary reports for common modalities, ensuring smoother operations. 2) Teleradiology | SmaRO
Boost your radiology service with leading teleradiologists from around the world. Our solution reduces reporting turnaround time by 80%, providing reliable preliminary and secondary reads.",What are the additional solutions provided by SMARO?,"1) AI-Based PACS
Enhance your radiology workflows with our AI-enabled PACS solution. It detects poor-quality scans and creates preliminary reports for common modalities, ensuring smoother operations. 2) Teleradiology | SmaRO
Boost your radiology service with leading teleradiologists from around the world. Our solution reduces reporting turnaround time by 80%, providing reliable preliminary and secondary reads."
"How can SMARO help doctors diagnose patients faster and more accurately? Welcome to SmaRo, where technology and healthcare excellence converge. Our cutting-edge teleradiology platform revolutionizes diagnostics for hospitals, clinics, and diagnostic centers. Easily upload DICOM files, receive rapid expert interpretations, and deliver accurate results swiftly. SmaRo's AI-driven services streamline workflows and enhance patient care, bringing speed and precision to medical diagnoses. Join us in transforming healthcare with innovative technology for better outcomes.",How can SMARO help doctors diagnose patients faster and more accurately?,"Welcome to SmaRo, where technology and healthcare excellence converge. Our cutting-edge teleradiology platform revolutionizes diagnostics for hospitals, clinics, and diagnostic centers. Easily upload DICOM files, receive rapid expert interpretations, and deliver accurate results swiftly. SmaRo's AI-driven services streamline workflows and enhance patient care, bringing speed and precision to medical diagnoses. Join us in transforming healthcare with innovative technology for better outcomes."
"What is SMARO's mission? At SmaRo, we're transforming healthcare with advanced teleradiology, bridging rural and urban access. Our innovative, scalable tools enhance diagnostic accuracy and efficiency, empowering radiologists to deliver precise interpretations swiftly. By leveraging AI and machine learning, we detect anomalies, optimize workflows, and ensure seamless communication, improving patient outcomes and fostering a more effective, compassionate healthcare system.",What is SMARO's mission?,"At SmaRo, we're transforming healthcare with advanced teleradiology, bridging rural and urban access. Our innovative, scalable tools enhance diagnostic accuracy and efficiency, empowering radiologists to deliver precise interpretations swiftly. By leveraging AI and machine learning, we detect anomalies, optimize workflows, and ensure seamless communication, improving patient outcomes and fostering a more effective, compassionate healthcare system."
"What is SMARO's  vision? Our vision is to be the global leader in teleradiology, setting the bar for excellence in diagnostic imaging and interpretation. We aim to bridge the gap between patients and top-tier medical expertise, making high-quality healthcare accessible to all. Through continuous innovation, we transform radiology services, ensuring timely and accurate diagnoses regardless of location. We strive to create an interconnected healthcare ecosystem with seamless DICOM integration, enhancing radiology efficiency and improving health outcomes. Our dedication to research and development ensures our users benefit from the latest in medical imaging technology, fostering a healthier, more informed global community.",What is SMARO's  vision?,"Our vision is to be the global leader in teleradiology, setting the bar for excellence in diagnostic imaging and interpretation. We aim to bridge the gap between patients and top-tier medical expertise, making high-quality healthcare accessible to all. Through continuous innovation, we transform radiology services, ensuring timely and accurate diagnoses regardless of location. We strive to create an interconnected healthcare ecosystem with seamless DICOM integration, enhancing radiology efficiency and improving health outcomes. Our dedication to research and development ensures our users benefit from the latest in medical imaging technology, fostering a healthier, more informed global community."
"What are the benefits of using SMARO? 1)Reliability
We prioritize reliability and accuracy in every aspect of our platform, ensuring that healthcare providers and patients can trust our services with confidence. 2) Innovation
As pioneers in teleradiology technology, we continuously invest in research and development to bring the latest advancements to our users. 3) Scalability
Whether you're a small clinic or a large hospital network, our platform is designed to scale according to your needs, providing flexible solutions for healthcare organizations of all sizes. 4) Empowerment
We empower healthcare providers with the tools and expertise they need to deliver exceptional patient care, improving outcomes and enhancing the overall healthcare experience.",What are the benefits of using SMARO?,"1)Reliability
We prioritize reliability and accuracy in every aspect of our platform, ensuring that healthcare providers and patients can trust our services with confidence. 2) Innovation
As pioneers in teleradiology technology, we continuously invest in research and development to bring the latest advancements to our users. 3) Scalability
Whether you're a small clinic or a large hospital network, our platform is designed to scale according to your needs, providing flexible solutions for healthcare organizations of all sizes. 4) Empowerment
We empower healthcare providers with the tools and expertise they need to deliver exceptional patient care, improving outcomes and enhancing the overall healthcare experience."
"Tell me more about the AI integration in the SMARO application? AI in image analysis and suggestive AI model and interpretation supports by recognizing patterns and anomalies, and providing quantitative analysis of features like tumor size or bone density. It augments decision-making by offering second opinions through cross-referencing known cases and using predictive analytics to forecast disease progression or treatment response.",Tell me more about the AI integration in the SMARO application?,"AI in image analysis and suggestive AI model and interpretation supports by recognizing patterns and anomalies, and providing quantitative analysis of features like tumor size or bone density. It augments decision-making by offering second opinions through cross-referencing known cases and using predictive analytics to forecast disease progression or treatment response."
"What is SMARO smart reporting and how does it work? Our AI-powered smart reporting system ensures that radiologists can generate reports quickly and accurately. This system is designed to reduce errors and increase efficiency, allowing radiologists to focus more on patient care.",What is SMARO smart reporting and how does it work?,"Our AI-powered smart reporting system ensures that radiologists can generate reports quickly and accurately. This system is designed to reduce errors and increase efficiency, allowing radiologists to focus more on patient care."
"How do you customize radiology reports? We provide a variety of customizable report templates designed to meet the specific needs of different medical specialties. This flexibility ensures that radiologists can produce consistent, high-quality reports that align with their unique requirements. Whether for oncology, orthopedics, cardiology, or other fields, these templates streamline the reporting process, allowing for the integration of specialized terminology and metrics. This customization not only enhances the accuracy and clarity of reports but also supports efficient and standardized communication within medical teams.",How do you customize radiology reports?,"We provide a variety of customizable report templates designed to meet the specific needs of different medical specialties. This flexibility ensures that radiologists can produce consistent, high-quality reports that align with their unique requirements. Whether for oncology, orthopedics, cardiology, or other fields, these templates streamline the reporting process, allowing for the integration of specialized terminology and metrics. This customization not only enhances the accuracy and clarity of reports but also supports efficient and standardized communication within medical teams."
"Can I access my patient's reports from anywhere? Cloud Storage of Reports for Anytime, Anywhere Accessibility Our platform offers secure cloud storage for medical reports, allowing healthcare professionals to access critical information anytime, anywhere. This enhances workflow efficiency and flexibility, enabling instant access from any internet-connected device. By eliminating physical storage constraints, cloud storage improves provider collaboration and accelerates decision-making. Robust security measures ensure data protection and compliance with industry standards, providing reliable, secure access to reports and enhancing patient care quality.",Can I access my patient's reports from anywhere?,"Cloud Storage of Reports for Anytime, Anywhere Accessibility Our platform offers secure cloud storage for medical reports, allowing healthcare professionals to access critical information anytime, anywhere. This enhances workflow efficiency and flexibility, enabling instant access from any internet-connected device. By eliminating physical storage constraints, cloud storage improves provider collaboration and accelerates decision-making. Robust security measures ensure data protection and compliance with industry standards, providing reliable, secure access to reports and enhancing patient care quality."
How does AI help radiologists make better diagnoses? Our advanced AI algorithms provide valuable suggestions and insights to assist radiologists in making informed diagnostic decisions. These AI-driven recommendations enhance the accuracy and reliability of diagnoses.,How does AI help radiologists make better diagnoses?,Our advanced AI algorithms provide valuable suggestions and insights to assist radiologists in making informed diagnostic decisions. These AI-driven recommendations enhance the accuracy and reliability of diagnoses.
"What is SMARO night mode? The night mode feature reduces eye strain and fatigue for radiologists working long hours or overnight shifts, ensuring they can work comfortably and effectively.",What is SMARO night mode?,"The night mode feature reduces eye strain and fatigue for radiologists working long hours or overnight shifts, ensuring they can work comfortably and effectively."
"Can I access your services at any time? Our diagnostic tools are available around the clock, ensuring that hospitals can access our services at any time. This constant availability provides continuous support for patient care, allowing for timely and reliable diagnostics whenever they are needed.",Can I access your services at any time?,"Our diagnostic tools are available around the clock, ensuring that hospitals can access our services at any time. This constant availability provides continuous support for patient care, allowing for timely and reliable diagnostics whenever they are needed."
"How does your platform assign cases to radiologists? Our AI routing system intelligently assigns diagnostic cases to the most appropriate radiologists based on their expertise. This optimization enhances the diagnostic process by matching cases with specialists best suited to interpret them, ensuring high-quality and precise patient care.",How does your platform assign cases to radiologists?,"Our AI routing system intelligently assigns diagnostic cases to the most appropriate radiologists based on their expertise. This optimization enhances the diagnostic process by matching cases with specialists best suited to interpret them, ensuring high-quality and precise patient care."
"How does your pricing model work for hospitals? Our pay-per-report model offers hospitals a flexible and cost-effective way to access advanced diagnostic services. This approach eliminates the need for long-term financial commitments, allowing healthcare facilities to utilize our services as needed without incurring unnecessary expenses.",How does your pricing model work for hospitals?,"Our pay-per-report model offers hospitals a flexible and cost-effective way to access advanced diagnostic services. This approach eliminates the need for long-term financial commitments, allowing healthcare facilities to utilize our services as needed without incurring unnecessary expenses."
"How quickly can you generate radiology reports? We provide a rapid turnaround time for generating reports and diagnoses, which helps hospitals expedite their treatment plans. Faster diagnostic results lead to improved patient outcomes and higher satisfaction, as patients receive timely care based on prompt and accurate diagnosis.",How quickly can you generate radiology reports?,"We provide a rapid turnaround time for generating reports and diagnoses, which helps hospitals expedite their treatment plans. Faster diagnostic results lead to improved patient outcomes and higher satisfaction, as patients receive timely care based on prompt and accurate diagnosis."
"How can I book a lab test online? Patients can effortlessly book lab tests through our user-friendly platform, ensuring they have seamless access to essential diagnostic services. This convenience eliminates the hassle often associated with scheduling and accessing lab tests.",How can I book a lab test online?,"Patients can effortlessly book lab tests through our user-friendly platform, ensuring they have seamless access to essential diagnostic services. This convenience eliminates the hassle often associated with scheduling and accessing lab tests."
"How quickly can I get my diagnostic report? We prioritize the swift delivery of diagnostic reports, ensuring that patients receive timely and accurate information about their health. This prompt service helps patients make informed decisions and take necessary actions without delay.",How quickly can I get my diagnostic report?,"We prioritize the swift delivery of diagnostic reports, ensuring that patients receive timely and accurate information about their health. This prompt service helps patients make informed decisions and take necessary actions without delay."
"How can I contact customer support for my healthcare needs? Our unified communication platform provides real-time customer support, facilitating smooth and efficient interactions between patients and healthcare providers. This system ensures that patients' concerns and queries are addressed promptly.",How can I contact customer support for my healthcare needs?,"Our unified communication platform provides real-time customer support, facilitating smooth and efficient interactions between patients and healthcare providers. This system ensures that patients' concerns and queries are addressed promptly."
"Can I track the progress of my lab test or diagnostic report? Our system offers near real-time updates on the status of lab tests and diagnostic reports, keeping patients well-informed throughout the process. These updates help reduce anxiety by providing patients with timely information on their diagnostics.",Can I track the progress of my lab test or diagnostic report?,"Our system offers near real-time updates on the status of lab tests and diagnostic reports, keeping patients well-informed throughout the process. These updates help reduce anxiety by providing patients with timely information on their diagnostics."
"Can I get my ABHA ID through your platform? To streamline the patient experience further, we integrate with the ABHA ID system, allowing patients to easily obtain their ABHA ID card through our platform. For more details, visit ABHA ID.",Can I get my ABHA ID through your platform?,"To streamline the patient experience further, we integrate with the ABHA ID system, allowing patients to easily obtain their ABHA ID card through our platform. For more details, visit ABHA ID."
"Can I get the customer care number? The customer care number is +91 90529 90009. You can call this number for any queries or concerns. Please note that the number may be accessible during specific hours or days, so you may want to check the company's website for more information.",Can I get the customer care number?,"The customer care number is +91 90529 90009. You can call this number for any queries or concerns. Please note that the number may be accessible during specific hours or days, so you may want to check the company's website for more information."
"Can you tell me where your company is located? You can find us at: Udaya Royal Crest, Plot No 129A, 129B, Kondapur, Hyderabad -500084.. If you're planning to visit, please note our office hours are [insert hours]. We look forward to seeing you!",Can you tell me where your company is located?,"You can find us at: Udaya Royal Crest, Plot No 129A, 129B, Kondapur, Hyderabad -500084.. If you're planning to visit, please note our office hours are [insert hours]. We look forward to seeing you!"
"What are your office hours? Our office hours are from 10:00 AM to 7:00 PM, Monday to Friday. However, please note that our services are available 24 hours a day, 7 days a week. So, while our physical office is only open during the specified hours, you can still access our services at any time.",What are your office hours?,"Our office hours are from 10:00 AM to 7:00 PM, Monday to Friday. However, please note that our services are available 24 hours a day, 7 days a week. So, while our physical office is only open during the specified hours, you can still access our services at any time."
"Can i email you? Yes, you can email us at ping@smaro.app . We'll respond to your query as soon as possible. Please note that our email support is available 24/7,",Can i email you?,"Yes, you can email us at ping@smaro.app . We'll respond to your query as soon as possible. Please note that our email support is available 24/7,"
"How do I contact your support team?
You can connect with our support team in various ways:

    WhatsApp: Send us a message at +91 90529 90009
    Email: Reach out to us at ping@smaro.app
    Direct Call: Call us at +91 90529 90009

Choose the method that works best for you, and we'll be happy to assist you. Our support team is available 24/7 to help with any questions or concerns.",How do I contact your support team?,"You can connect with our support team in various ways:

    WhatsApp: Send us a message at +91 90529 90009
    Email: Reach out to us at ping@smaro.app
    Direct Call: Call us at +91 90529 90009

Choose the method that works best for you, and we'll be happy to assist you. Our support team is available 24/7 to help with any questions or concerns."
"What medical imaging viewer are you using ? We are currently using OHIF Viewer as our medical imaging viewer. It's a powerful, web-based platform that allows us to efficiently visualize, analyze, and share medical images. With OHIF Viewer, we can support a wide range of imaging formats, including DICOM, and leverage advanced tools for image manipulation, measurement, and annotation.",What medical imaging viewer are you using ?,"We are currently using OHIF Viewer as our medical imaging viewer. It's a powerful, web-based platform that allows us to efficiently visualize, analyze, and share medical images. With OHIF Viewer, we can support a wide range of imaging formats, including DICOM, and leverage advanced tools for image manipulation, measurement, and annotation."
"hi, - Hello!, I'm SMARO bot, your virtual assistant, I'm here to help you with your SMARO related queries",hi,"Hello!, I'm SMARO bot, your virtual assistant, I'm here to help you with your SMARO related queries"
"hey - Hello!, I'm SMARO bot, your virtual assistant, I'm here to help you with your SMARO related queries",hey,"Hello!, I'm SMARO bot, your virtual assistant, I'm here to help you with your SMARO related queries"
"hello - Hello!, I'm SMARO bot, your virtual assistant, I'm here to help you with your SMARO related queries",hello,"Hello!, I'm SMARO bot, your virtual assistant, I'm here to help you with your SMARO related queries"
Thank you - Thank you for using SMARO! We're happy to have been able to assist you. Have a great day and feel free to come back anytime,Thank you,Thank you for using SMARO! We're happy to have been able to assist you. Have a great day and feel free to come back anytime